{"cameraMode":{"drawMode":0,"name":"Shaded","section":"Shading Mode"},"sceneLighting":true,"audioPlay":false,"sceneViewState":{"showFog":true,"showMaterialUpdate":false,"showSkybox":true,"showFlares":true,"showImageEffects":true,"showParticleSystems":true},"in2DMode":false,"pivot":{"x":-1368.9111328125,"y":780.0725708007813,"z":2759.132080078125},"rotation":{"x":-0.017869843170046808,"y":-0.9055551886558533,"z":0.038336314260959628,"w":-0.4221147894859314},"size":42.15003204345703,"orthographic":false}